StartDate,EndDate,Status,IPAddress,Progress,Duration (in seconds),Finished,RecordedDate,ResponseId,RecipientLastName,RecipientFirstName,RecipientEmail,ExternalReference,LocationLatitude,LocationLongitude,DistributionChannel,UserLanguage,Q11,Q23_First Click,Q23_Last Click,Q23_Page Submit,Q23_Click Count,Q112_1,Q112_2,Q112_3,Q65_First Click,Q65_Last Click,Q65_Page Submit,Q65_Click Count,Q254_1,Q254_2,Q254_3,Q254_4,Q255_First Click,Q255_Last Click,Q255_Page Submit,Q255_Click Count,Q265_1,Q265_2,Q265_3,Q265_4,Q265_5,Q265_6,Q265_7,Q265_8,Q265_9,Q265_10,Q266_First Click,Q266_Last Click,Q266_Page Submit,Q266_Click Count,Q8,Q9,Q10,Q17,Q17_17_TEXT,Q18,Q20_First Click,Q20_Last Click,Q20_Page Submit,Q20_Click Count,Random ID
Start Date,End Date,Response Type,IP Address,Progress,Duration (in seconds),Finished,Recorded Date,Response ID,Recipient Last Name,Recipient First Name,Recipient Email,External Data Reference,Location Latitude,Location Longitude,Distribution Channel,User Language,Please paste the survey code displayed on the website (https://faceoff.xyz) here.Doing this incorrectly can affect your payment.,Timing - First Click,Timing - Last Click,Timing - Page Submit,Timing - Click Count,Please rate how much you agree/disagree with the following statements about the photo you downloaded from Face-Off. - I have no problem in uploading the downloaded photo to social media (Facebook/Instagram etc.).,Please rate how much you agree/disagree with the following statements about the photo you downloaded from Face-Off. - I am comfortable sharing the downloaded photo with my friends and family on social media (Facebook/Instagram etc.).,Please rate how much you agree/disagree with the following statements about the photo you downloaded from Face-Off. - I would upload the downloaded photo to social media (Facebook/Instagram etc.) in order to prevent automatic tagging of my face.,Timing - First Click,Timing - Last Click,Timing - Page Submit,Timing - Click Count,Please rate how much you agree/disagree with the following statements. - It usually bothers me when online services ask me for personal information.,"Please rate how much you agree/disagree with the following statements. - When online services ask me for personal information, I sometimes think twice before providing it.",Please rate how much you agree/disagree with the following statements. - It bothers me to give personal information to so many online services.,Please rate how much you agree/disagree with the following statements. - Iâ€™m concerned that online services are collecting too much personal information about me.,Timing - First Click,Timing - Last Click,Timing - Page Submit,Timing - Click Count,Please rate how much you agree/disagree with the following statements about Face-Off (i.e. downloading a perturbed image from www.faceoff.xyz) - I think that I would like to use this system frequently.,Please rate how much you agree/disagree with the following statements about Face-Off (i.e. downloading a perturbed image from www.faceoff.xyz) - I found the system unnecessarily complex.,Please rate how much you agree/disagree with the following statements about Face-Off (i.e. downloading a perturbed image from www.faceoff.xyz) - I thought the system was easy to use.,Please rate how much you agree/disagree with the following statements about Face-Off (i.e. downloading a perturbed image from www.faceoff.xyz) - I think that I would need the support of a technical person to be able to use this system.,Please rate how much you agree/disagree with the following statements about Face-Off (i.e. downloading a perturbed image from www.faceoff.xyz) - I found the various functions in this system were well integrated.,Please rate how much you agree/disagree with the following statements about Face-Off (i.e. downloading a perturbed image from www.faceoff.xyz) - I thought there was too much inconsistency in this system.,Please rate how much you agree/disagree with the following statements about Face-Off (i.e. downloading a perturbed image from www.faceoff.xyz) - I would imagine that most people would learn to use this system very quickly.,Please rate how much you agree/disagree with the following statements about Face-Off (i.e. downloading a perturbed image from www.faceoff.xyz) - I found the system very cumbersome to use.,Please rate how much you agree/disagree with the following statements about Face-Off (i.e. downloading a perturbed image from www.faceoff.xyz) - I felt very confident using the system.,Please rate how much you agree/disagree with the following statements about Face-Off (i.e. downloading a perturbed image from www.faceoff.xyz) - I needed to learn a lot of things before I could get going with this system.,Timing - First Click,Timing - Last Click,Timing - Page Submit,Timing - Click Count,Please specify your gender,Please specify your age,Please pick your highest educational qualification,Which of the following best describes your primary occupation? - Selected Choice,Which of the following best describes your primary occupation? - Other - Text,Please provide your place of residence:,Timing - First Click,Timing - Last Click,Timing - Page Submit,Timing - Click Count,Random ID
"{""ImportId"":""startDate"",""timeZone"":""America/Denver""}","{""ImportId"":""endDate"",""timeZone"":""America/Denver""}","{""ImportId"":""status""}","{""ImportId"":""ipAddress""}","{""ImportId"":""progress""}","{""ImportId"":""duration""}","{""ImportId"":""finished""}","{""ImportId"":""recordedDate"",""timeZone"":""America/Denver""}","{""ImportId"":""_recordId""}","{""ImportId"":""recipientLastName""}","{""ImportId"":""recipientFirstName""}","{""ImportId"":""recipientEmail""}","{""ImportId"":""externalDataReference""}","{""ImportId"":""locationLatitude""}","{""ImportId"":""locationLongitude""}","{""ImportId"":""distributionChannel""}","{""ImportId"":""userLanguage""}","{""ImportId"":""QID250_TEXT""}","{""ImportId"":""QID262_FIRST_CLICK""}","{""ImportId"":""QID262_LAST_CLICK""}","{""ImportId"":""QID262_PAGE_SUBMIT""}","{""ImportId"":""QID262_CLICK_COUNT""}","{""ImportId"":""QID112_4""}","{""ImportId"":""QID112_10""}","{""ImportId"":""QID112_11""}","{""ImportId"":""QID65_FIRST_CLICK""}","{""ImportId"":""QID65_LAST_CLICK""}","{""ImportId"":""QID65_PAGE_SUBMIT""}","{""ImportId"":""QID65_CLICK_COUNT""}","{""ImportId"":""QID254_4""}","{""ImportId"":""QID254_5""}","{""ImportId"":""QID254_7""}","{""ImportId"":""QID254_8""}","{""ImportId"":""QID255_FIRST_CLICK""}","{""ImportId"":""QID255_LAST_CLICK""}","{""ImportId"":""QID255_PAGE_SUBMIT""}","{""ImportId"":""QID255_CLICK_COUNT""}","{""ImportId"":""QID265_4""}","{""ImportId"":""QID265_5""}","{""ImportId"":""QID265_6""}","{""ImportId"":""QID265_7""}","{""ImportId"":""QID265_8""}","{""ImportId"":""QID265_10""}","{""ImportId"":""QID265_11""}","{""ImportId"":""QID265_12""}","{""ImportId"":""QID265_13""}","{""ImportId"":""QID265_14""}","{""ImportId"":""QID266_FIRST_CLICK""}","{""ImportId"":""QID266_LAST_CLICK""}","{""ImportId"":""QID266_PAGE_SUBMIT""}","{""ImportId"":""QID266_CLICK_COUNT""}","{""ImportId"":""QID247""}","{""ImportId"":""QID248_TEXT""}","{""ImportId"":""QID249""}","{""ImportId"":""QID256""}","{""ImportId"":""QID256_17_TEXT""}","{""ImportId"":""QID257""}","{""ImportId"":""QID259_FIRST_CLICK""}","{""ImportId"":""QID259_LAST_CLICK""}","{""ImportId"":""QID259_PAGE_SUBMIT""}","{""ImportId"":""QID259_CLICK_COUNT""}","{""ImportId"":""Random ID""}"
2020-09-13 13:11:13,2020-09-13 13:17:16,IP Address,43.241.134.234,100,362,True,2020-09-13 13:17:16,R_1dcAD5zdLZgBEpd,,,,,19.216705322265625,73.0832977294921875,anonymous,EN,L4RY3L,,,,,Disagree,Neutral,Disagree,,,,,Agree,Stongly Agree,Agree,Agree,,,,,Neutral,Strongly Disagree,Agree,Disagree,Agree,Strongly Disagree,Agree,Strongly Disagree,Agree,Strongly Disagree,,,,,Male,24,Bachelor's degree,"Computer engineer or IT professional (e.g., systems administrator, programmer, IT consultant)",,Asia,,,,,53597
2020-09-13 13:10:34,2020-09-13 13:17:53,IP Address,73.71.30.223,100,438,True,2020-09-13 13:17:53,R_1lt4StFrxYe4RWW,,,,,37.7906036376953125,-122.2411956787109375,anonymous,EN,Y1ODCD,,,,,Disagree,Disagree,Disagree,,,,,Stongly Agree,Stongly Agree,Stongly Agree,Stongly Agree,,,,,Disagree,Disagree,Stongly Agree,Strongly Disagree,Agree,Disagree,Neutral,Disagree,Stongly Agree,Strongly Disagree,,,,,Male,32,Graduate degree,"Education (e.g., teacher)",,Europe,,,,,96571
2020-09-13 13:10:36,2020-09-13 13:19:24,IP Address,73.66.125.222,100,528,True,2020-09-13 13:19:25,R_2wuXXocSNrDZSZB,,,,,39.727203369140625,-121.812896728515625,anonymous,EN,TLD4W1,,,,,Agree,Stongly Agree,Agree,,,,,Stongly Agree,Agree,Agree,Stongly Agree,,,,,Agree,Disagree,Neutral,Agree,Neutral,Agree,Neutral,Stongly Agree,Agree,Neutral,,,,,Female,26,Bachelor's degree,"Service (e.g., retail clerks, server)",,Central America,,,,,44765
2020-09-13 13:17:13,2020-09-13 13:22:50,IP Address,103.66.79.104,100,336,True,2020-09-13 13:22:50,R_10VIfr3kM9YKdNq,,,,,10.5160064697265625,76.2156982421875,anonymous,EN,H5TVXH,,,,,Stongly Agree,Stongly Agree,Stongly Agree,,,,,Stongly Agree,Stongly Agree,Stongly Agree,Stongly Agree,,,,,Agree,Disagree,Stongly Agree,Stongly Agree,Stongly Agree,Stongly Agree,Stongly Agree,Stongly Agree,Stongly Agree,Agree,,,,,Male,32,Graduate degree,"Computer engineer or IT professional (e.g., systems administrator, programmer, IT consultant)",,Asia,,,,,53688
2020-09-13 13:12:05,2020-09-13 13:27:06,IP Address,117.199.3.147,100,900,True,2020-09-13 13:27:06,R_3OoTy9SSxFOJBWK,,,,,8.485504150390625,76.949188232421875,anonymous,EN,PH8N3D,,,,,Neutral,Neutral,Disagree,,,,,Agree,Stongly Agree,Stongly Agree,Stongly Agree,,,,,Disagree,Strongly Disagree,Stongly Agree,Strongly Disagree,Agree,Disagree,Stongly Agree,Strongly Disagree,Stongly Agree,Strongly Disagree,,,,,Male,32,Bachelor's degree,"Engineer in other fields (e.g., civil engineer, bio-engineer)",,Asia,,,,,11435
2020-09-13 13:22:13,2020-09-13 13:27:19,IP Address,68.99.226.61,100,305,True,2020-09-13 13:27:19,R_1CebmX9y1p7AFKA,,,,,33.6262054443359375,-112.0074005126953125,anonymous,EN,I0SNYZ,,,,,Agree,Agree,Neutral,,,,,Agree,Agree,Agree,Stongly Agree,,,,,Neutral,Disagree,Stongly Agree,Strongly Disagree,Agree,Disagree,Stongly Agree,Strongly Disagree,Agree,Strongly Disagree,,,,,Female,57,Associate's degree,"Medical (e.g., doctor, nurse, dentist)",,North America,,,,,54793
2020-09-13 13:17:49,2020-09-13 13:27:41,IP Address,122.174.163.139,100,591,True,2020-09-13 13:27:41,R_30bLhoNQeyVGmbc,,,,,13.087799072265625,80.27850341796875,anonymous,EN,GISJHE,,,,,Agree,Agree,Agree,,,,,Agree,Stongly Agree,Agree,Stongly Agree,,,,,Agree,Stongly Agree,Agree,Agree,Stongly Agree,Agree,Agree,Stongly Agree,Agree,Agree,,,,,Male,30,Bachelor's degree,"Legal (e.g., lawyer, law clerk)",,Asia,,,,,70712
2020-09-13 13:24:12,2020-09-13 13:29:01,IP Address,75.87.134.64,100,289,True,2020-09-13 13:29:01,R_3lEmt9ow8vsapKH,,,,,38.8939056396484375,-94.70670318603515625,anonymous,EN,50,,,,,Agree,Stongly Agree,Agree,,,,,Agree,Stongly Agree,Agree,Stongly Agree,,,,,Agree,Stongly Agree,Agree,Stongly Agree,Agree,Stongly Agree,Agree,Stongly Agree,Agree,Stongly Agree,,,,,Male,32,Graduate degree,"Education (e.g., teacher)",,South America,,,,,62784
2020-09-13 13:28:17,2020-09-13 13:31:47,IP Address,122.174.163.254,100,210,True,2020-09-13 13:31:48,R_9NssIVZqH1n2V2h,,,,,13.087799072265625,80.27850341796875,anonymous,EN,2ZQV7K,,,,,Agree,Stongly Agree,Agree,,,,,Agree,Agree,Stongly Agree,Agree,,,,,Agree,Stongly Agree,Agree,Agree,Agree,Neutral,Agree,Stongly Agree,Neutral,Agree,,,,,Male,32,Bachelor's degree,"Business, management, or financial (e.g., manager, accountant, banker)",,Asia,,,,,49831
2020-09-13 13:29:15,2020-09-13 13:32:37,IP Address,75.87.134.64,100,202,True,2020-09-13 13:32:37,R_1k0NjnBLjN3DLoY,,,,,38.8939056396484375,-94.70670318603515625,anonymous,EN," [.jpeg .jpg .png .gif]",,,,,Agree,Stongly Agree,Agree,,,,,Agree,Stongly Agree,Agree,Stongly Agree,,,,,Agree,Stongly Agree,Agree,Stongly Agree,Agree,Stongly Agree,Agree,Stongly Agree,Agree,Stongly Agree,,,,,Male,32,Graduate degree,"Education (e.g., teacher)",,South America,,,,,58756
2020-09-13 13:19:57,2020-09-13 13:32:57,IP Address,75.75.110.135,100,779,True,2020-09-13 13:32:57,R_WjRo01tkzpjdjQB,,,,,39.01800537109375,-77.53900146484375,anonymous,EN,ZMA3F6,,,,,Stongly Agree,Stongly Agree,Stongly Agree,,,,,Strongly Disagree,Disagree,Disagree,Strongly Disagree,,,,,Agree,Strongly Disagree,Stongly Agree,Strongly Disagree,Stongly Agree,Strongly Disagree,Stongly Agree,Strongly Disagree,Stongly Agree,Strongly Disagree,,,,,Male,67,Bachelor's degree,"Skilled labor (e.g., electrician, plumber, carpenter)",,North America,,,,,27775
2020-09-13 13:32:29,2020-09-13 13:37:58,IP Address,122.174.163.222,100,329,True,2020-09-13 13:37:58,R_TubTwN9t2SNFrwZ,,,,,13.087799072265625,80.27850341796875,anonymous,EN,EQ8Z34,,,,,Agree,Stongly Agree,Agree,,,,,Agree,Agree,Agree,Stongly Agree,,,,,Agree,Agree,Agree,Agree,Stongly Agree,Agree,Agree,Neutral,Agree,Agree,,,,,Male,32,Bachelor's degree,"Administrative support (e.g., secretary, assistant)",,Asia,,,,,77649
2020-09-13 13:27:57,2020-09-13 13:39:20,IP Address,69.181.57.161,100,682,True,2020-09-13 13:39:20,R_1I9FOHEBTJS9Uyl,,,,,37.7200927734375,-122.44139862060546875,anonymous,EN,4U0PYQ,,,,,Agree,Stongly Agree,Neutral,,,,,Agree,Stongly Agree,Neutral,Agree,,,,,Disagree,Neutral,Agree,Agree,Neutral,Agree,Disagree,Neutral,Agree,Agree,,,,,Female,36,Bachelor's degree,"Business, management, or financial (e.g., manager, accountant, banker)",,South America,,,,,98808
2020-09-13 13:32:33,2020-09-13 13:52:11,IP Address,47.28.89.42,100,1177,True,2020-09-13 13:52:11,R_3sobny4vzakmHdI,,,,,34.139404296875,-118.26599884033203125,anonymous,EN,SUHIQ4,,,,,Agree,Agree,Agree,,,,,Agree,Agree,Agree,Agree,,,,,Stongly Agree,Strongly Disagree,Agree,Strongly Disagree,Agree,Strongly Disagree,Stongly Agree,Strongly Disagree,Stongly Agree,Strongly Disagree,,,,,Male,49,Bachelor's degree,"Business, management, or financial (e.g., manager, accountant, banker)",,North America,,,,,23627
2020-09-13 13:35:44,2020-09-13 13:55:16,IP Address,196.17.64.12,100,1171,True,2020-09-13 13:55:17,R_1F2QWaqJSH9AoZd,,,,,34.0543975830078125,-118.2440032958984375,anonymous,EN,F8KINZ,,,,,Agree,Agree,Agree,,,,,Agree,Agree,Agree,Agree,,,,,Agree,Agree,Agree,Agree,Agree,Agree,Agree,Agree,Agree,Agree,,,,,Male,58,Bachelor's degree,"Computer engineer or IT professional (e.g., systems administrator, programmer, IT consultant)",,North America,,,,,39141
2020-09-13 13:29:26,2020-09-13 13:58:06,IP Address,103.151.118.229,100,1719,True,2020-09-13 13:58:06,R_3dW9KNAtOc1OQ28,,,,,22.8173980712890625,89.564788818359375,anonymous,EN,UK9J2X,,,,,Stongly Agree,Stongly Agree,Stongly Agree,,,,,Agree,Agree,Stongly Agree,Neutral,,,,,Stongly Agree,Disagree,Stongly Agree,Stongly Agree,Agree,Disagree,Stongly Agree,Agree,Stongly Agree,Disagree,,,,,Male,30,Bachelor's degree,"Business, management, or financial (e.g., manager, accountant, banker)",,North America,,,,,35689
2020-09-13 14:06:00,2020-09-13 14:08:29,IP Address,100.34.223.198,100,148,True,2020-09-13 14:08:29,R_3imczj3CucXvqx4,,,,,40.0442962646484375,-75.6472015380859375,anonymous,EN,6K0JGB,,,,,Stongly Agree,Agree,Stongly Agree,,,,,Disagree,Strongly Disagree,Disagree,Disagree,,,,,Agree,Strongly Disagree,Stongly Agree,Agree,Neutral,Disagree,Agree,Strongly Disagree,Stongly Agree,Disagree,,,,,Male,25,Bachelor's degree,Other,athlete,North America,,,,,60097
2020-09-13 14:10:26,2020-09-13 14:17:27,IP Address,172.11.220.144,100,420,True,2020-09-13 14:17:27,R_b91Ou1vZY2yMq0F,,,,,39.643798828125,-84.1743011474609375,anonymous,EN,CIDGP5,,,,,Stongly Agree,Neutral,Neutral,,,,,Agree,Stongly Agree,Agree,Agree,,,,,Strongly Disagree,Strongly Disagree,Agree,Strongly Disagree,Neutral,Neutral,Neutral,Disagree,Agree,Disagree,,,,,Male,38,Bachelor's degree,"Skilled labor (e.g., electrician, plumber, carpenter)",,North America,,,,,86823
2020-09-13 14:15:33,2020-09-13 14:19:54,IP Address,76.84.49.131,100,260,True,2020-09-13 14:19:54,R_ypB9eYppGNUgghP,,,,,40.8513946533203125,-96.713897705078125,anonymous,EN,LUMU1C,,,,,Neutral,Neutral,Neutral,,,,,Agree,Agree,Agree,Agree,,,,,Neutral,Disagree,Agree,Disagree,Neutral,Disagree,Agree,Neutral,Neutral,Disagree,,,,,Prefer not to disclose,23,Bachelor's degree,"Scientist (e.g., researcher, professor)",,North America,,,,,98534
2020-09-13 14:10:36,2020-09-13 14:20:22,IP Address,177.75.165.159,100,586,True,2020-09-13 14:20:22,R_1qVuZL3Tg6F9hfI,,,,,-27.034393310546875,-51.101593017578125,anonymous,EN,RT8J1J,,,,,Agree,Agree,Neutral,,,,,Neutral,Agree,Neutral,Agree,,,,,Neutral,Strongly Disagree,Agree,Strongly Disagree,Neutral,Strongly Disagree,Agree,Neutral,Agree,Strongly Disagree,,,,,Male,23,Some College,"Service (e.g., retail clerks, server)",,South America,,,,,51021
2020-09-13 14:27:52,2020-09-13 14:29:02,IP Address,171.49.170.231,100,70,True,2020-09-13 14:29:02,R_e5MFHyo3LAAVobL,,,,,13.087799072265625,80.27850341796875,anonymous,EN,2,,,,,Disagree,Neutral,Agree,,,,,Disagree,Neutral,Neutral,Neutral,,,,,Disagree,Agree,Agree,Agree,Neutral,Disagree,Neutral,Agree,Agree,Agree,,,,,Male,27,Bachelor's degree,"Business, management, or financial (e.g., manager, accountant, banker)",,South America,,,,,10884
2020-09-13 14:24:09,2020-09-13 14:32:41,IP Address,196.17.64.235,100,512,True,2020-09-13 14:32:41,R_2e9XSlGLgkjoceu,,,,,34.0543975830078125,-118.2440032958984375,anonymous,EN,4FZ110,,,,,Neutral,Agree,Agree,,,,,Neutral,Agree,Neutral,Agree,,,,,Agree,Neutral,Agree,Agree,Agree,Agree,Agree,Agree,Agree,Agree,,,,,Male,47,Bachelor's degree,"Computer engineer or IT professional (e.g., systems administrator, programmer, IT consultant)",,North America,,,,,87017
2020-09-13 14:30:05,2020-09-13 14:36:49,IP Address,179.219.182.184,100,404,True,2020-09-13 14:36:50,R_vwXkulCquvrx3l7,,,,,-30.114593505859375,-51.1638946533203125,anonymous,EN,6DEZHB,,,,,Agree,Stongly Agree,Agree,,,,,Stongly Agree,Stongly Agree,Stongly Agree,Stongly Agree,,,,,Agree,Strongly Disagree,Stongly Agree,Strongly Disagree,Stongly Agree,Strongly Disagree,Stongly Agree,Strongly Disagree,Stongly Agree,Strongly Disagree,,,,,Male,32,Some College,"Art, writing, or journalism (e.g., author, reporter, sculptor)",,North America,,,,,92208
2020-09-13 14:26:21,2020-09-13 14:38:55,IP Address,106.197.39.243,100,754,True,2020-09-13 14:38:56,R_30iAYdUlZXo5rQA,,,,,11.6537933349609375,78.1553955078125,anonymous,EN,O2GFFM,,,,,Agree,Agree,Stongly Agree,,,,,Agree,Stongly Agree,Stongly Agree,Agree,,,,,Agree,Strongly Disagree,Stongly Agree,Strongly Disagree,Agree,Strongly Disagree,Stongly Agree,Strongly Disagree,Agree,Disagree,,,,,Male,35,Bachelor's degree,"Computer engineer or IT professional (e.g., systems administrator, programmer, IT consultant)",,Asia,,,,,16568
2020-09-13 14:37:52,2020-09-13 14:48:33,IP Address,74.65.215.100,100,640,True,2020-09-13 14:48:33,R_wYklq4otSGAzxBf,,,,,40.71490478515625,-73.9893035888671875,anonymous,EN,9OIGPK,,,,,Agree,Agree,Agree,,,,,Neutral,Agree,Agree,Agree,,,,,Neutral,Disagree,Agree,Strongly Disagree,Agree,Disagree,Stongly Agree,Disagree,Agree,Strongly Disagree,,,,,Male,24,Bachelor's degree,"Service (e.g., retail clerks, server)",,North America,,,,,66810
2020-09-13 15:10:19,2020-09-13 15:24:12,IP Address,172.245.110.126,100,832,True,2020-09-13 15:24:12,R_2uvKLPhRS8SOhvW,,,,,37.751007080078125,-97.82199859619140625,anonymous,EN,G29OL6,,,,,Stongly Agree,Stongly Agree,Stongly Agree,,,,,Stongly Agree,Stongly Agree,Stongly Agree,Stongly Agree,,,,,Stongly Agree,Stongly Agree,Stongly Agree,Stongly Agree,Stongly Agree,Stongly Agree,Stongly Agree,Stongly Agree,Stongly Agree,Stongly Agree,,,,,Female,30,Bachelor's degree,"Computer engineer or IT professional (e.g., systems administrator, programmer, IT consultant)",,Central America,,,,,95729
2020-09-13 15:23:58,2020-09-13 15:32:02,IP Address,196.17.66.100,100,483,True,2020-09-13 15:32:02,R_bPJK8pIchWpG6JP,,,,,34.0543975830078125,-118.2440032958984375,anonymous,EN,W2Q4W6,,,,,Agree,Agree,Agree,,,,,Agree,Agree,Agree,Agree,,,,,Agree,Agree,Agree,Agree,Agree,Agree,Agree,Agree,Agree,Agree,,,,,Male,56,Bachelor's degree,"Engineer in other fields (e.g., civil engineer, bio-engineer)",,North America,,,,,50779
2020-09-13 15:27:01,2020-09-13 15:37:21,IP Address,196.17.66.236,100,620,True,2020-09-13 15:37:22,R_QiYBnvvqWHLJs9H,,,,,34.0543975830078125,-118.2440032958984375,anonymous,EN,9TU1QV,,,,,Agree,Agree,Stongly Agree,,,,,Agree,Agree,Agree,Stongly Agree,,,,,Agree,Stongly Agree,Agree,Stongly Agree,Agree,Stongly Agree,Agree,Stongly Agree,Agree,Stongly Agree,,,,,Male,63,Bachelor's degree,"Computer engineer or IT professional (e.g., systems administrator, programmer, IT consultant)",,North America,,,,,97632
2020-09-13 16:02:43,2020-09-13 16:08:10,IP Address,45.3.166.139,100,326,True,2020-09-13 16:08:10,R_3iQr6EMqVd3MQNJ,,,,,28.2693939208984375,-81.4741973876953125,anonymous,EN,E09702,,,,,Agree,Neutral,Agree,,,,,Neutral,Agree,Neutral,Agree,,,,,Agree,Neutral,Neutral,Agree,Disagree,Neutral,Neutral,Agree,Disagree,Neutral,,,,,Female,29,Bachelor's degree,"Administrative support (e.g., secretary, assistant)",,South America,,,,,18011
2020-09-13 16:02:04,2020-09-13 16:11:05,IP Address,47.30.138.163,100,541,True,2020-09-13 16:11:05,R_3EE9XWv1lYh40cr,,,,,28.6519012451171875,77.23150634765625,anonymous,EN,PEUY93,,,,,Stongly Agree,Stongly Agree,Stongly Agree,,,,,Agree,Agree,Agree,Agree,,,,,Neutral,Disagree,Agree,Strongly Disagree,Agree,Disagree,Agree,Disagree,Agree,Disagree,,,,,Male,27,Bachelor's degree,"Service (e.g., retail clerks, server)",,Asia,,,,,45127
2020-09-13 16:12:24,2020-09-13 16:18:59,IP Address,212.201.79.107,100,394,True,2020-09-13 16:18:59,R_r39FBt5iVkfnuJr,,,,,50.727203369140625,7.0850982666015625,anonymous,EN,YL96EZ,,,,,Strongly Disagree,Strongly Disagree,Strongly Disagree,,,,,Agree,Agree,Agree,Agree,,,,,Disagree,Disagree,Stongly Agree,Strongly Disagree,Neutral,Strongly Disagree,Stongly Agree,Strongly Disagree,Stongly Agree,Strongly Disagree,,,,,Male,33,Graduate degree,"Computer engineer or IT professional (e.g., systems administrator, programmer, IT consultant)",,Europe,,,,,47573
2020-09-13 16:03:26,2020-09-13 16:21:08,IP Address,196.17.66.14,100,1061,True,2020-09-13 16:21:08,R_AAlPbC2pjk1nNzr,,,,,34.0543975830078125,-118.2440032958984375,anonymous,EN,GEBYTO,,,,,Agree,Agree,Stongly Agree,,,,,Agree,Stongly Agree,Agree,Stongly Agree,,,,,Agree,Stongly Agree,Agree,Stongly Agree,Agree,Agree,Agree,Agree,Agree,Stongly Agree,,,,,Male,52,Bachelor's degree,"Computer engineer or IT professional (e.g., systems administrator, programmer, IT consultant)",,North America,,,,,65171
2020-09-13 16:11:08,2020-09-13 16:21:37,IP Address,69.142.223.71,100,629,True,2020-09-13 16:21:37,R_NUA9RysbJErIOiZ,,,,,40.31719970703125,-74.43039703369140625,anonymous,EN,AV64LJ,,,,,Neutral,Agree,Agree,,,,,Stongly Agree,Stongly Agree,Stongly Agree,Stongly Agree,,,,,Agree,Disagree,Agree,Strongly Disagree,Neutral,Disagree,Agree,Strongly Disagree,Stongly Agree,Neutral,,,,,Male,36,Graduate degree,"Scientist (e.g., researcher, professor)",,North America,,,,,27433
2020-09-13 16:19:37,2020-09-13 16:23:54,IP Address,96.230.47.145,100,256,True,2020-09-13 16:23:54,R_SZP3HzN0CDD4opj,,,,,42.5574951171875,-71.1735992431640625,anonymous,EN,XHL1GB,,,,,Stongly Agree,Stongly Agree,Stongly Agree,,,,,Strongly Disagree,Strongly Disagree,Strongly Disagree,Strongly Disagree,,,,,Agree,Strongly Disagree,Stongly Agree,Strongly Disagree,Stongly Agree,Strongly Disagree,Stongly Agree,Strongly Disagree,Stongly Agree,Strongly Disagree,,,,,Male,35,Graduate degree,"Legal (e.g., lawyer, law clerk)",,North America,,,,,43839
2020-09-13 16:23:33,2020-09-13 16:29:18,IP Address,196.17.67.15,100,344,True,2020-09-13 16:29:18,R_3oYoLIBtSqYR2CD,,,,,34.0543975830078125,-118.2440032958984375,anonymous,EN,P64AD4,,,,,Agree,Agree,Stongly Agree,,,,,Agree,Neutral,Agree,Stongly Agree,,,,,Agree,Agree,Agree,Agree,Agree,Agree,Stongly Agree,Agree,Agree,Stongly Agree,,,,,Male,56,Bachelor's degree,"Computer engineer or IT professional (e.g., systems administrator, programmer, IT consultant)",,North America,,,,,64597
2020-09-13 16:21:45,2020-09-13 16:30:45,IP Address,196.17.65.223,100,539,True,2020-09-13 16:30:45,R_1lnlodY54hKghvF,,,,,34.0543975830078125,-118.2440032958984375,anonymous,EN,IK0HE5,,,,,Agree,Disagree,Agree,,,,,Agree,Disagree,Agree,Disagree,,,,,Agree,Disagree,Agree,Disagree,Agree,Disagree,Agree,Disagree,Agree,Disagree,,,,,Male,60,Bachelor's degree,"Engineer in other fields (e.g., civil engineer, bio-engineer)",,North America,,,,,16424
2020-09-13 16:16:56,2020-09-13 16:41:07,IP Address,172.58.107.180,100,1450,True,2020-09-13 16:41:07,R_1DTKfwSTklfOP1a,,,,,32.72259521484375,-97.07849884033203125,anonymous,EN,OU22E3,,,,,Agree,Agree,Stongly Agree,,,,,Agree,Neutral,Agree,Neutral,,,,,Agree,Disagree,Agree,Stongly Agree,Agree,Disagree,Agree,Disagree,Agree,Neutral,,,,,Male,21,Associate's degree,"Computer engineer or IT professional (e.g., systems administrator, programmer, IT consultant)",,North America,,,,,40096
2020-09-13 16:37:02,2020-09-13 16:41:30,IP Address,196.17.66.241,100,268,True,2020-09-13 16:41:31,R_DbZ0f9DzWbuWpqh,,,,,34.0543975830078125,-118.2440032958984375,anonymous,EN,VGB649,,,,,Agree,Neutral,Agree,,,,,Agree,Neutral,Agree,Neutral,,,,,Agree,Neutral,Agree,Neutral,Agree,Neutral,Agree,Neutral,Agree,Neutral,,,,,Male,53,Bachelor's degree,"Engineer in other fields (e.g., civil engineer, bio-engineer)",,North America,,,,,13831
2020-09-13 16:17:10,2020-09-13 16:48:13,IP Address,122.164.83.166,100,1862,True,2020-09-13 16:48:13,R_7aLKDUiVETv64Nz,,,,,13.087799072265625,80.27850341796875,anonymous,EN,XDHM0K,,,,,Stongly Agree,Stongly Agree,Stongly Agree,,,,,Stongly Agree,Stongly Agree,Stongly Agree,Stongly Agree,,,,,Stongly Agree,Agree,Stongly Agree,Stongly Agree,Stongly Agree,Stongly Agree,Agree,Stongly Agree,Stongly Agree,Stongly Agree,,,,,Male,27,Bachelor's degree,"Business, management, or financial (e.g., manager, accountant, banker)",,North America,,,,,52010
2020-09-13 16:07:12,2020-09-13 16:48:22,IP Address,72.193.253.53,100,2469,True,2020-09-13 16:48:22,R_3D552BRiOzFXLRr,,,,,36.2158050537109375,-115.06600189208984375,anonymous,EN,SA4WX5,,,,,Stongly Agree,Stongly Agree,Stongly Agree,,,,,Stongly Agree,Stongly Agree,Stongly Agree,Stongly Agree,,,,,Stongly Agree,Strongly Disagree,Stongly Agree,Stongly Agree,Stongly Agree,Strongly Disagree,Stongly Agree,Stongly Agree,Stongly Agree,Stongly Agree,,,,,Male,30,Bachelor's degree,"Computer engineer or IT professional (e.g., systems administrator, programmer, IT consultant)",,Central America,,,,,16430
2020-09-13 16:30:12,2020-09-13 16:48:29,IP Address,196.17.65.104,100,1097,True,2020-09-13 16:48:29,R_1gAaLUq1SfeQe1j,,,,,34.0543975830078125,-118.2440032958984375,anonymous,EN,8YAHGW,,,,,Agree,Agree,Agree,,,,,Agree,Agree,Agree,Agree,,,,,Agree,Agree,Agree,Agree,Agree,Agree,Agree,Agree,Agree,Agree,,,,,Male,49,Some College,"Engineer in other fields (e.g., civil engineer, bio-engineer)",,North America,,,,,84146
2020-09-13 16:42:43,2020-09-13 16:53:13,IP Address,199.1.131.92,100,629,True,2020-09-13 16:53:13,R_2SrDBog30S1Cb0k,,,,,38.2281036376953125,-84.86969757080078125,anonymous,EN,2ZJMFN,,,,,Stongly Agree,Stongly Agree,Stongly Agree,,,,,Agree,Stongly Agree,Stongly Agree,Stongly Agree,,,,,Agree,Strongly Disagree,Stongly Agree,Strongly Disagree,Agree,Strongly Disagree,Stongly Agree,Strongly Disagree,Agree,Strongly Disagree,,,,,Female,37,Bachelor's degree,"Administrative support (e.g., secretary, assistant)",,North America,,,,,79764
2020-09-13 16:34:49,2020-09-13 16:55:07,IP Address,196.17.66.160,100,1217,True,2020-09-13 16:55:07,R_3E0HxZW2M4CAaHv,,,,,34.0543975830078125,-118.2440032958984375,anonymous,EN,J4F6JG,,,,,Agree,Agree,Agree,,,,,Agree,Agree,Agree,Agree,,,,,Agree,Agree,Agree,Agree,Agree,Agree,Agree,Agree,Agree,Agree,,,,,Male,54,Some College,"Business, management, or financial (e.g., manager, accountant, banker)",,North America,,,,,73439
2020-09-13 16:53:50,2020-09-13 17:02:53,IP Address,196.17.66.78,100,543,True,2020-09-13 17:02:53,R_1GPRwWyj31pKCHi,,,,,34.0543975830078125,-118.2440032958984375,anonymous,EN,A7LG85,,,,,Neutral,Agree,Stongly Agree,,,,,Neutral,Agree,Stongly Agree,Agree,,,,,Agree,Stongly Agree,Agree,Agree,Stongly Agree,Agree,Stongly Agree,Agree,Stongly Agree,Agree,,,,,Male,62,Bachelor's degree,"Computer engineer or IT professional (e.g., systems administrator, programmer, IT consultant)",,North America,,,,,28192
2020-09-13 17:02:45,2020-09-13 17:11:19,IP Address,189.5.228.31,100,514,True,2020-09-13 17:11:20,R_3j8ngK703oozqlp,,,,,-21.222503662109375,-47.8238067626953125,anonymous,EN,Y1Z0RC,,,,,Agree,Agree,Agree,,,,,Stongly Agree,Stongly Agree,Stongly Agree,Disagree,,,,,Disagree,Neutral,Agree,Strongly Disagree,Neutral,Disagree,Stongly Agree,Disagree,Disagree,Strongly Disagree,,,,,Male,23,Bachelor's degree,"Skilled labor (e.g., electrician, plumber, carpenter)",,South America,,,,,90590
2020-09-13 17:09:03,2020-09-13 17:15:03,IP Address,196.17.66.63,100,359,True,2020-09-13 17:15:03,R_1OvPMvxzh0geGRz,,,,,34.0543975830078125,-118.2440032958984375,anonymous,EN,TYW1HT,,,,,Neutral,Agree,Agree,,,,,Neutral,Agree,Agree,Agree,,,,,Disagree,Agree,Agree,Agree,Agree,Neutral,Agree,Agree,Agree,Agree,,,,,Male,49,Bachelor's degree,"Computer engineer or IT professional (e.g., systems administrator, programmer, IT consultant)",,North America,,,,,69804
2020-09-13 17:13:29,2020-09-13 17:19:52,IP Address,196.17.65.220,100,382,True,2020-09-13 17:19:52,R_24HuWZ9e7A53Mxm,,,,,34.0543975830078125,-118.2440032958984375,anonymous,EN,CNCJKX,,,,,Agree,Stongly Agree,Agree,,,,,Neutral,Agree,Agree,Stongly Agree,,,,,Agree,Stongly Agree,Agree,Stongly Agree,Agree,Agree,Stongly Agree,Agree,Agree,Stongly Agree,,,,,Male,54,Bachelor's degree,"Computer engineer or IT professional (e.g., systems administrator, programmer, IT consultant)",,North America,,,,,76311
2020-09-13 17:14:24,2020-09-13 17:21:14,IP Address,196.17.66.204,100,409,True,2020-09-13 17:21:14,R_3PZcVOeswNC1bWl,,,,,34.0543975830078125,-118.2440032958984375,anonymous,EN,FR7RUW,,,,,Agree,Neutral,Agree,,,,,Agree,Neutral,Agree,Neutral,,,,,Agree,Neutral,Agree,Neutral,Agree,Neutral,Agree,Neutral,Agree,Neutral,,,,,Male,53,Bachelor's degree,"Engineer in other fields (e.g., civil engineer, bio-engineer)",,North America,,,,,64539
2020-09-13 17:22:13,2020-09-13 17:27:11,IP Address,73.173.103.253,100,298,True,2020-09-13 17:27:12,R_3J9vj1LKuRJaxac,,,,,39.21240234375,-76.87760162353515625,anonymous,EN,00SHDP,,,,,Stongly Agree,Stongly Agree,Agree,,,,,Agree,Agree,Agree,Stongly Agree,,,,,Neutral,Strongly Disagree,Stongly Agree,Strongly Disagree,Stongly Agree,Strongly Disagree,Stongly Agree,Strongly Disagree,Stongly Agree,Strongly Disagree,,,,,Male,26,Bachelor's degree,Other,Full time MTurk,North America,,,,,66288
2020-09-13 17:17:44,2020-09-13 17:30:26,IP Address,68.40.14.82,100,761,True,2020-09-13 17:30:26,R_3IVboU2CC7Kyw25,,,,,42.412200927734375,-83.0547027587890625,anonymous,EN,6KAAD3,,,,,Stongly Agree,Stongly Agree,Agree,,,,,Agree,Stongly Agree,Agree,Stongly Agree,,,,,Stongly Agree,Strongly Disagree,Agree,Strongly Disagree,Stongly Agree,Strongly Disagree,Stongly Agree,Strongly Disagree,Stongly Agree,Strongly Disagree,,,,,Male,24,Bachelor's degree,"Business, management, or financial (e.g., manager, accountant, banker)",,North America,,,,,25490
2020-09-13 17:19:07,2020-09-13 17:30:47,IP Address,67.172.52.203,100,699,True,2020-09-13 17:30:47,R_2q8kMIqwSNoDRf4,,,,,41.4355010986328125,-79.690399169921875,anonymous,EN,OQFQRN,,,,,Disagree,Neutral,Disagree,,,,,Agree,Agree,Agree,Agree,,,,,Disagree,Disagree,Agree,Disagree,Agree,Disagree,Agree,Disagree,Agree,Disagree,,,,,Male,33,Bachelor's degree,Unemployed,,North America,,,,,57929
2020-09-13 17:53:01,2020-09-13 17:58:14,IP Address,71.63.47.189,100,313,True,2020-09-13 17:58:15,R_VVxafxki5kcpUR3,,,,,37.339202880859375,-77.41750335693359375,anonymous,EN,5UJK8Q,,,,,Neutral,Neutral,Neutral,,,,,Stongly Agree,Stongly Agree,Stongly Agree,Stongly Agree,,,,,Neutral,Agree,Neutral,Neutral,Neutral,Neutral,Neutral,Agree,Disagree,Agree,,,,,Female,47,Associate's degree,"Legal (e.g., lawyer, law clerk)",,North America,,,,,36944
2020-09-13 17:54:38,2020-09-13 18:01:02,IP Address,196.17.66.59,100,383,True,2020-09-13 18:01:02,R_3kMxxoc2lcEGrLH,,,,,34.0543975830078125,-118.2440032958984375,anonymous,EN,YPB9W8,,,,,Agree,Agree,Agree,,,,,Agree,Agree,Agree,Agree,,,,,Agree,Agree,Agree,Agree,Agree,Agree,Agree,Agree,Agree,Agree,,,,,Male,48,Bachelor's degree,"Business, management, or financial (e.g., manager, accountant, banker)",,North America,,,,,54127
2020-09-13 17:57:34,2020-09-13 18:01:52,IP Address,162.40.212.161,100,258,True,2020-09-13 18:01:52,R_AMWfOWILtKyeMVP,,,,,29.837799072265625,-82.6128997802734375,anonymous,EN,G6GEYG,,,,,Agree,Stongly Agree,Agree,,,,,Stongly Agree,Stongly Agree,Agree,Agree,,,,,Disagree,Strongly Disagree,Agree,Strongly Disagree,Agree,Disagree,Agree,Strongly Disagree,Agree,Strongly Disagree,,,,,Male,34,Bachelor's degree,"Computer engineer or IT professional (e.g., systems administrator, programmer, IT consultant)",,North America,,,,,53486
2020-09-13 17:42:07,2020-09-13 18:11:56,IP Address,122.174.144.137,100,1788,True,2020-09-13 18:11:56,R_1qaJbxN6v2T3PrC,,,,,9.9398956298828125,76.26019287109375,anonymous,EN,2UXNO7,,,,,Stongly Agree,Agree,Stongly Agree,,,,,Stongly Agree,Agree,Stongly Agree,Agree,,,,,Stongly Agree,Agree,Stongly Agree,Agree,Stongly Agree,Agree,Stongly Agree,Stongly Agree,Agree,Stongly Agree,,,,,Female,21,Bachelor's degree,"Scientist (e.g., researcher, professor)",,North America,,,,,28464
2020-09-13 17:56:20,2020-09-13 18:13:29,IP Address,73.223.196.37,100,1029,True,2020-09-13 18:13:29,R_3QPj7XB9J4m1l1O,,,,,37.770294189453125,-122.440704345703125,anonymous,EN,CQ532L,,,,,Agree,Agree,Stongly Agree,,,,,Agree,Stongly Agree,Stongly Agree,Stongly Agree,,,,,Neutral,Strongly Disagree,Stongly Agree,Strongly Disagree,Agree,Strongly Disagree,Stongly Agree,Strongly Disagree,Agree,Strongly Disagree,,,,,Male,34,Bachelor's degree,"Computer engineer or IT professional (e.g., systems administrator, programmer, IT consultant)",,North America,,,,,81595
2020-09-13 18:12:28,2020-09-13 18:17:02,IP Address,174.65.81.86,100,273,True,2020-09-13 18:17:02,R_3dKW4Z6g3RTBtPT,,,,,32.8123016357421875,-116.91719818115234375,anonymous,EN,L44I22,,,,,Agree,Agree,Agree,,,,,Agree,Agree,Agree,Agree,,,,,Disagree,Disagree,Stongly Agree,Disagree,Agree,Disagree,Stongly Agree,Disagree,Agree,Disagree,,,,,Male,41,Some College,"Computer engineer or IT professional (e.g., systems administrator, programmer, IT consultant)",,North America,,,,,26845
2020-09-13 18:06:26,2020-09-13 18:20:41,IP Address,204.191.189.222,100,854,True,2020-09-13 18:20:41,R_UR8Zo0Rdo1ASoBH,,,,,53.5482025146484375,-113.43180084228515625,anonymous,EN,PIRH32,,,,,Stongly Agree,Stongly Agree,Agree,,,,,Agree,Agree,Agree,Agree,,,,,Agree,Strongly Disagree,Neutral,Strongly Disagree,Stongly Agree,Neutral,Stongly Agree,Stongly Agree,Stongly Agree,Strongly Disagree,,,,,Male,28,Bachelor's degree,Student,,North America,,,,,89423
2020-09-13 18:04:20,2020-09-13 18:21:12,IP Address,122.174.241.237,100,1012,True,2020-09-13 18:21:12,R_22Yo1JRvGrjmgAH,,,,,13.087799072265625,80.27850341796875,anonymous,EN,Y52AGB,,,,,Stongly Agree,Agree,Stongly Agree,,,,,Stongly Agree,Agree,Stongly Agree,Agree,,,,,Stongly Agree,Agree,Stongly Agree,Agree,Stongly Agree,Agree,Stongly Agree,Agree,Stongly Agree,Agree,,,,,Male,27,Graduate degree,"Computer engineer or IT professional (e.g., systems administrator, programmer, IT consultant)",,North America,,,,,55161
2020-09-13 17:57:15,2020-09-13 18:24:48,IP Address,196.17.64.247,100,1652,True,2020-09-13 18:24:48,R_1OOlkhOHR8Ihg6j,,,,,34.0543975830078125,-118.2440032958984375,anonymous,EN,IPOG24,,,,,Agree,Neutral,Agree,,,,,Agree,Neutral,Agree,Neutral,,,,,Agree,Neutral,Agree,Neutral,Agree,Neutral,Agree,Stongly Agree,Agree,Neutral,,,,,Male,46,Bachelor's degree,"Engineer in other fields (e.g., civil engineer, bio-engineer)",,South America,,,,,68785
2020-09-13 18:15:22,2020-09-13 18:26:42,IP Address,196.17.67.133,100,680,True,2020-09-13 18:26:42,R_2WBSeBQAK8zq8vs,,,,,34.0543975830078125,-118.2440032958984375,anonymous,EN,3X78GT,,,,,Stongly Agree,Agree,Stongly Agree,,,,,Stongly Agree,Agree,Stongly Agree,Stongly Agree,,,,,Agree,Stongly Agree,Agree,Stongly Agree,Agree,Stongly Agree,Agree,Agree,Stongly Agree,Agree,,,,,Male,49,Bachelor's degree,"Computer engineer or IT professional (e.g., systems administrator, programmer, IT consultant)",,South America,,,,,62151
2020-09-13 18:25:10,2020-09-13 18:29:10,IP Address,196.17.65.65,100,240,True,2020-09-13 18:29:11,R_25T8Lj7jKPopBEz,,,,,34.0543975830078125,-118.2440032958984375,anonymous,EN,S6LNAZ,,,,,Agree,Stongly Agree,Agree,,,,,Agree,Stongly Agree,Agree,Stongly Agree,,,,,Agree,Stongly Agree,Agree,Stongly Agree,Agree,Stongly Agree,Agree,Stongly Agree,Agree,Stongly Agree,,,,,Male,62,Bachelor's degree,"Engineer in other fields (e.g., civil engineer, bio-engineer)",,South America,,,,,11758
2020-09-13 18:25:53,2020-09-13 18:32:13,IP Address,196.17.64.171,100,379,True,2020-09-13 18:32:13,R_3fCU497x4SGSBMS,,,,,34.0543975830078125,-118.2440032958984375,anonymous,EN,99QSRI,,,,,Agree,Neutral,Agree,,,,,Agree,Stongly Agree,Agree,Stongly Agree,,,,,Agree,Stongly Agree,Agree,Stongly Agree,Agree,Neutral,Agree,Neutral,Agree,Agree,,,,,Female,44,Bachelor's degree,"Computer engineer or IT professional (e.g., systems administrator, programmer, IT consultant)",,South America,,,,,87535
2020-09-13 18:17:04,2020-09-13 18:33:04,IP Address,196.17.67.158,100,959,True,2020-09-13 18:33:04,R_3k6t74qb46jaTgx,,,,,34.0543975830078125,-118.2440032958984375,anonymous,EN,889Y0P,,,,,Stongly Agree,Agree,Agree,,,,,Neutral,Stongly Agree,Neutral,Agree,,,,,Agree,Agree,Agree,Stongly Agree,Neutral,Agree,Agree,Agree,Agree,Agree,,,,,Male,49,Bachelor's degree,"Computer engineer or IT professional (e.g., systems administrator, programmer, IT consultant)",,North America,,,,,96162
2020-09-13 18:34:13,2020-09-13 18:37:34,IP Address,196.17.65.163,100,200,True,2020-09-13 18:37:34,R_0Bt93aC7JZgkniV,,,,,34.0543975830078125,-118.2440032958984375,anonymous,EN,XRBRW3,,,,,Agree,Agree,Stongly Agree,,,,,Agree,Stongly Agree,Agree,Stongly Agree,,,,,Agree,Stongly Agree,Agree,Agree,Stongly Agree,Neutral,Stongly Agree,Stongly Agree,Agree,Stongly Agree,,,,,Male,50,Bachelor's degree,"Computer engineer or IT professional (e.g., systems administrator, programmer, IT consultant)",,North America,,,,,50683
2020-09-13 18:21:42,2020-09-13 18:40:04,IP Address,171.61.252.168,100,1102,True,2020-09-13 18:40:05,R_ctZCRCvinB1ss6Z,,,,,13.087799072265625,80.27850341796875,anonymous,EN,SPGS0T,,,,,Stongly Agree,Agree,Stongly Agree,,,,,Stongly Agree,Agree,Stongly Agree,Agree,,,,,Stongly Agree,Agree,Stongly Agree,Agree,Stongly Agree,Agree,Stongly Agree,Agree,Stongly Agree,Agree,,,,,Female,27,Graduate degree,"Art, writing, or journalism (e.g., author, reporter, sculptor)",,North America,,,,,33702
2020-09-13 18:34:24,2020-09-13 18:42:27,IP Address,187.155.108.88,100,483,True,2020-09-13 18:42:27,R_2tnegdmLx6iX3M5,,,,,20.9907989501953125,-86.93920135498046875,anonymous,EN,PCKH3K,,,,,Strongly Disagree,Strongly Disagree,Strongly Disagree,,,,,Agree,Stongly Agree,Stongly Agree,Stongly Agree,,,,,Disagree,Strongly Disagree,Agree,Strongly Disagree,Stongly Agree,Strongly Disagree,Agree,Strongly Disagree,Agree,Strongly Disagree,,,,,Male,28,Some High School,"Art, writing, or journalism (e.g., author, reporter, sculptor)",,North America,,,,,22877
2020-09-13 18:55:22,2020-09-13 18:57:15,IP Address,198.228.83.73,100,112,True,2020-09-13 18:57:15,R_2Sw38NTMDvmnM9o,,,,,37.751007080078125,-97.82199859619140625,anonymous,EN,(https://faceoff.xyz,,,,,Agree,Agree,Agree,,,,,Strongly Disagree,Disagree,Stongly Agree,Agree,,,,,Strongly Disagree,Disagree,Neutral,Agree,Stongly Agree,Strongly Disagree,Disagree,Neutral,Agree,Stongly Agree,,,,,Male,30,Associate's degree,"Business, management, or financial (e.g., manager, accountant, banker)",,Central America,,,,,64904
2020-09-13 18:38:37,2020-09-13 19:03:01,IP Address,177.37.246.246,100,1464,True,2020-09-13 19:03:02,R_2AXqwLKogszXx2F,,,,,-7.2781982421875,-35.9763031005859375,anonymous,EN,W2M29F,,,,,Neutral,Agree,Neutral,,,,,Neutral,Agree,Agree,Agree,,,,,Agree,Disagree,Agree,Disagree,Agree,Disagree,Agree,Disagree,Agree,Disagree,,,,,Male,34,Bachelor's degree,"Business, management, or financial (e.g., manager, accountant, banker)",,South America,,,,,49720
2020-09-13 18:57:43,2020-09-13 19:09:17,IP Address,198.228.83.73,100,693,True,2020-09-13 19:09:17,R_1F2pbpis8SQbRIb,,,,,37.751007080078125,-97.82199859619140625,anonymous,EN,6A9AEY,,,,,Disagree,Neutral,Agree,,,,,Neutral,Agree,Disagree,Agree,,,,,Neutral,Disagree,Agree,Disagree,Neutral,Agree,Neutral,Agree,Neutral,Agree,,,,,Male,26,Bachelor's degree,"Education (e.g., teacher)",,South America,,,,,83932
2020-09-13 19:04:51,2020-09-13 19:11:20,IP Address,76.118.230.140,100,388,True,2020-09-13 19:11:20,R_1LTi9wmSECdvKiE,,,,,42.3119964599609375,-71.10810089111328125,anonymous,EN,GWZ2E1,,,,,Stongly Agree,Stongly Agree,Stongly Agree,,,,,Agree,Neutral,Neutral,Agree,,,,,Stongly Agree,Strongly Disagree,Stongly Agree,Strongly Disagree,Strongly Disagree,Disagree,Stongly Agree,Strongly Disagree,Neutral,Strongly Disagree,,,,,Male,22,Bachelor's degree,Student,,North America,,,,,17009
2020-09-13 19:24:03,2020-09-13 19:30:25,IP Address,38.68.50.46,100,381,True,2020-09-13 19:30:25,R_1ims6phtAzmJgO1,,,,,37.751007080078125,-97.82199859619140625,anonymous,EN,5YF448,,,,,Agree,Agree,Agree,,,,,Agree,Neutral,Agree,Agree,,,,,Agree,Neutral,Agree,Agree,Agree,Neutral,Agree,Agree,Agree,Agree,,,,,Male,26,Bachelor's degree,"Service (e.g., retail clerks, server)",,South America,,,,,20365
2020-09-13 18:53:15,2020-09-13 19:34:11,IP Address,196.17.66.116,100,2455,True,2020-09-13 19:34:11,R_psg8y73NbePOsbT,,,,,34.0543975830078125,-118.2440032958984375,anonymous,EN,CZKWNU,,,,,Neutral,Agree,Agree,,,,,Neutral,Agree,Agree,Agree,,,,,Neutral,Agree,Agree,Agree,Agree,Agree,Agree,Agree,Agree,Agree,,,,,Male,38,Bachelor's degree,"Computer engineer or IT professional (e.g., systems administrator, programmer, IT consultant)",,North America,,,,,93765
2020-09-13 19:04:49,2020-09-13 19:37:56,IP Address,73.46.79.2,100,1987,True,2020-09-13 19:37:57,R_WvTAMVx8S39y6A1,,,,,26.0167999267578125,-80.1537017822265625,anonymous,EN,Q3XGDN,,,,,Stongly Agree,Stongly Agree,Stongly Agree,,,,,Stongly Agree,Stongly Agree,Agree,Agree,,,,,Stongly Agree,Neutral,Agree,Stongly Agree,Agree,Neutral,Stongly Agree,Neutral,Agree,Neutral,,,,,Male,26,Bachelor's degree,"Computer engineer or IT professional (e.g., systems administrator, programmer, IT consultant)",,North America,,,,,76388
2020-09-13 19:29:53,2020-09-13 19:41:41,IP Address,198.228.138.9,100,707,True,2020-09-13 19:41:41,R_yR4UsEDAY8E9CDL,,,,,34.17120361328125,-118.5186004638671875,anonymous,EN,3GIDCO,,,,,Neutral,Stongly Agree,Agree,,,,,Agree,Neutral,Stongly Agree,Agree,,,,,Agree,Neutral,Stongly Agree,Agree,Stongly Agree,Agree,Agree,Agree,Stongly Agree,Agree,,,,,Male,30,Bachelor's degree,Homemaker,,South America,,,,,74617
2020-09-13 19:42:18,2020-09-13 19:59:49,IP Address,38.68.36.33,100,1050,True,2020-09-13 19:59:49,R_2SqMDiF6E9DIJSw,,,,,37.751007080078125,-97.82199859619140625,anonymous,EN,PAN0K6,,,,,Agree,Stongly Agree,Agree,,,,,Agree,Agree,Agree,Agree,,,,,Stongly Agree,Agree,Neutral,Agree,Agree,Stongly Agree,Agree,Agree,Agree,Stongly Agree,,,,,Female,26,Bachelor's degree,"Computer engineer or IT professional (e.g., systems administrator, programmer, IT consultant)",,Asia,,,,,58188
2020-09-13 20:00:35,2020-09-13 20:03:18,IP Address,38.68.36.33,100,163,True,2020-09-13 20:03:19,R_XCgcFKrDDuYmM4F,,,,,37.751007080078125,-97.82199859619140625,anonymous,EN,FXMQM6,,,,,Agree,Stongly Agree,Agree,,,,,Agree,Stongly Agree,Agree,Stongly Agree,,,,,Agree,Stongly Agree,Agree,Agree,Neutral,Agree,Agree,Stongly Agree,Agree,Agree,,,,,Female,26,Bachelor's degree,"Computer engineer or IT professional (e.g., systems administrator, programmer, IT consultant)",,Asia,,,,,43645
2020-09-13 20:02:34,2020-09-13 20:26:18,IP Address,212.103.48.136,100,1423,True,2020-09-13 20:26:18,R_31RbLw03ccb22rq,,,,,40.7156982421875,-74,anonymous,EN,IT6BZU,,,,,Agree,Agree,Neutral,,,,,Agree,Agree,Agree,Agree,,,,,Agree,Disagree,Agree,Disagree,Agree,Disagree,Agree,Agree,Agree,Disagree,,,,,Male,27,Graduate degree,"Computer engineer or IT professional (e.g., systems administrator, programmer, IT consultant)",,North America,,,,,88185
2020-09-13 20:34:35,2020-09-13 20:48:06,IP Address,68.205.14.147,100,810,True,2020-09-13 20:48:06,R_2eXeKpo6TqwT4uD,,,,,28.0608062744140625,-80.67220306396484375,anonymous,EN,W1BN4Z,,,,,Neutral,Agree,Agree,,,,,Agree,Agree,Agree,Neutral,,,,,Neutral,Agree,Stongly Agree,Agree,Stongly Agree,Stongly Agree,Neutral,Agree,Neutral,Agree,,,,,Male,32,Bachelor's degree,"Business, management, or financial (e.g., manager, accountant, banker)",,North America,,,,,61364
2020-09-13 21:23:44,2020-09-13 21:29:15,IP Address,177.37.246.246,100,330,True,2020-09-13 21:29:15,R_6kTA42MGiGNRqut,,,,,-7.2781982421875,-35.9763031005859375,anonymous,EN,CWIE2J,,,,,Agree,Neutral,Neutral,,,,,Neutral,Neutral,Neutral,Neutral,,,,,Neutral,Agree,Neutral,Neutral,Neutral,Neutral,Neutral,Neutral,Neutral,Neutral,,,,,Male,39,Bachelor's degree,"Administrative support (e.g., secretary, assistant)",,South America,,,,,94577
2020-09-13 21:31:12,2020-09-13 21:33:01,IP Address,73.98.237.221,100,108,True,2020-09-13 21:33:01,R_3MM8P87R3HCKxCD,,,,,40.75,-111.9208984375,anonymous,EN,234569,,,,,Disagree,Agree,Agree,,,,,Disagree,Agree,Agree,Agree,,,,,Disagree,Neutral,Agree,Stongly Agree,Disagree,Agree,Agree,Neutral,Agree,Neutral,,,,,Male,40,Bachelor's degree,"Engineer in other fields (e.g., civil engineer, bio-engineer)",,Central America,,,,,92026
2020-09-13 21:24:09,2020-09-13 21:33:05,IP Address,107.185.235.40,100,535,True,2020-09-13 21:33:05,R_2YEQX37jQQb6AL3,,,,,33.8242034912109375,-118.26800537109375,anonymous,EN,www.quora .com,,,,,Agree,Stongly Agree,Agree,,,,,Agree,Stongly Agree,Agree,Agree,,,,,Agree,Neutral,Agree,Stongly Agree,Agree,Agree,Stongly Agree,Agree,Agree,Stongly Agree,,,,,Female,35,Bachelor's degree,"Service (e.g., retail clerks, server)",,South America,,,,,87009
2020-09-13 21:25:43,2020-09-13 21:33:43,IP Address,189.124.214.112,100,480,True,2020-09-13 21:33:43,R_1jj0tox0ippAPKg,,,,,-5.8101043701171875,-35.2266998291015625,anonymous,EN,GTZQY0,,,,,Strongly Disagree,Neutral,Neutral,,,,,Agree,Agree,Stongly Agree,Agree,,,,,Strongly Disagree,Disagree,Agree,Strongly Disagree,Neutral,Disagree,Agree,Neutral,Agree,Disagree,,,,,Male,25,Graduate degree,"Scientist (e.g., researcher, professor)",,South America,,,,,32469
2020-09-13 21:29:33,2020-09-13 21:35:34,IP Address,157.50.88.37,100,360,True,2020-09-13 21:35:34,R_2CEy0BPWl9meZAR,,,,,13.087799072265625,80.27850341796875,anonymous,EN,DUT1OD,,,,,Agree,Stongly Agree,Stongly Agree,,,,,Agree,Neutral,Stongly Agree,Stongly Agree,,,,,Stongly Agree,Agree,Agree,Stongly Agree,Stongly Agree,Agree,Agree,Agree,Stongly Agree,Stongly Agree,,,,,Female,28,Bachelor's degree,"Engineer in other fields (e.g., civil engineer, bio-engineer)",,Asia,,,,,73465
2020-09-13 21:30:34,2020-09-13 21:37:39,IP Address,122.174.232.161,100,424,True,2020-09-13 21:37:39,R_1LOse43WEPVgWFo,,,,,13.087799072265625,80.27850341796875,anonymous,EN,EMF1F9,,,,,Stongly Agree,Agree,Agree,,,,,Stongly Agree,Agree,Stongly Agree,Agree,,,,,Stongly Agree,Agree,Neutral,Agree,Stongly Agree,Agree,Neutral,Agree,Stongly Agree,Agree,,,,,Female,29,Bachelor's degree,"Business, management, or financial (e.g., manager, accountant, banker)",,Asia,,,,,21651
2020-09-13 21:39:53,2020-09-13 21:44:32,IP Address,122.164.83.175,100,279,True,2020-09-13 21:44:32,R_2WIObzeGejBRWom,,,,,13.087799072265625,80.27850341796875,anonymous,EN,NQEGEN,,,,,Stongly Agree,Agree,Stongly Agree,,,,,Agree,Stongly Agree,Agree,Stongly Agree,,,,,Stongly Agree,Agree,Neutral,Agree,Stongly Agree,Agree,Neutral,Agree,Agree,Stongly Agree,,,,,Female,30,Bachelor's degree,"Business, management, or financial (e.g., manager, accountant, banker)",,Asia,,,,,74773
2020-09-13 21:41:19,2020-09-13 21:50:18,IP Address,72.207.200.154,100,539,True,2020-09-13 21:50:19,R_Y54sfA7oQz2RrVv,,,,,30.4882049560546875,-91.1443023681640625,anonymous,EN,FYJT1F,,,,,Agree,Neutral,Agree,,,,,Agree,Disagree,Agree,Stongly Agree,,,,,Agree,Agree,Stongly Agree,Disagree,Agree,Disagree,Agree,Agree,Stongly Agree,Agree,,,,,Male,44,Bachelor's degree,"Business, management, or financial (e.g., manager, accountant, banker)",,South America,,,,,79394
2020-09-13 21:47:35,2020-09-13 21:50:21,IP Address,171.49.170.231,100,166,True,2020-09-13 21:50:21,R_1dvq8jPODQ02RWY,,,,,13.087799072265625,80.27850341796875,anonymous,EN,6PFAXL,,,,,Stongly Agree,Agree,Stongly Agree,,,,,Neutral,Agree,Stongly Agree,Agree,,,,,Stongly Agree,Agree,Neutral,Agree,Stongly Agree,Agree,Stongly Agree,Agree,Neutral,Agree,,,,,Female,29,Bachelor's degree,"Business, management, or financial (e.g., manager, accountant, banker)",,Asia,,,,,23413
2020-09-13 21:44:39,2020-09-13 21:52:58,IP Address,198.228.83.73,100,498,True,2020-09-13 21:52:58,R_1Kj99M2CabSBgkl,,,,,37.751007080078125,-97.82199859619140625,anonymous,EN,https://faceoff.xyz),,,,,Disagree,Neutral,Agree,,,,,Disagree,Neutral,Agree,Stongly Agree,,,,,Disagree,Neutral,Neutral,Agree,Neutral,Agree,Neutral,Agree,Neutral,Agree,,,,,Female,25,Associate's degree,"Administrative support (e.g., secretary, assistant)",,North America,,,,,56168
2020-09-13 21:53:08,2020-09-13 21:54:14,IP Address,198.228.83.73,100,65,True,2020-09-13 21:54:14,R_2fHu1F02KERMfwo,,,,,37.751007080078125,-97.82199859619140625,anonymous,EN," https://faceoff.xyz",,,,,Neutral,Disagree,Neutral,,,,,Neutral,Neutral,Agree,Agree,,,,,Neutral,Disagree,Neutral,Agree,Neutral,Agree,Neutral,Agree,Neutral,Agree,,,,,Female,25,High School,"Administrative support (e.g., secretary, assistant)",,North America,,,,,40440
2020-09-13 21:41:21,2020-09-13 22:01:31,IP Address,72.207.200.154,100,1210,True,2020-09-13 22:01:31,R_1IuuMWGJu4Zg9Mz,,,,,30.4882049560546875,-91.1443023681640625,anonymous,EN,SUXVIS,,,,,Neutral,Stongly Agree,Agree,,,,,Agree,Neutral,Agree,Agree,,,,,Agree,Neutral,Agree,Agree,Neutral,Disagree,Agree,Neutral,Stongly Agree,Stongly Agree,,,,,Male,44,Graduate degree,"Business, management, or financial (e.g., manager, accountant, banker)",,South America,,,,,74819
2020-09-13 22:02:29,2020-09-13 22:03:49,IP Address,198.228.83.73,100,79,True,2020-09-13 22:03:49,R_1kSN9cGLHAiq3fP,,,,,37.751007080078125,-97.82199859619140625,anonymous,EN,L8XK2L,,,,,Disagree,Neutral,Agree,,,,,Disagree,Neutral,Agree,Stongly Agree,,,,,Disagree,Neutral,Neutral,Agree,Neutral,Agree,Neutral,Agree,Neutral,Agree,,,,,Female,25,High School,"Business, management, or financial (e.g., manager, accountant, banker)",,North America,,,,,98668
2020-09-13 22:04:27,2020-09-13 22:06:03,IP Address,198.228.83.73,100,96,True,2020-09-13 22:06:04,R_1dGMgk0UTxjRRA3,,,,,37.751007080078125,-97.82199859619140625,anonymous,EN,L8XK2L,,,,,Neutral,Agree,Neutral,,,,,Disagree,Neutral,Agree,Neutral,,,,,Disagree,Neutral,Agree,Neutral,Agree,Neutral,Agree,Neutral,Agree,Neutral,,,,,Female,25,Some College,"Business, management, or financial (e.g., manager, accountant, banker)",,South America,,,,,50145
2020-09-13 22:08:30,2020-09-13 22:10:48,IP Address,107.173.140.138,100,138,True,2020-09-13 22:10:48,R_2TFR5VYmCkMshco,,,,,37.751007080078125,-97.82199859619140625,anonymous,EN,A18VNAKXAE8OLH,,,,,Strongly Disagree,Disagree,Strongly Disagree,,,,,Agree,Stongly Agree,Agree,Stongly Agree,,,,,Agree,Stongly Agree,Stongly Agree,Agree,Stongly Agree,Agree,Stongly Agree,Stongly Agree,Stongly Agree,Agree,,,,,Female,43,Graduate degree,"Education (e.g., teacher)",,North America,,,,,75069
2020-09-13 21:56:44,2020-09-13 22:15:57,IP Address,174.100.135.175,100,1153,True,2020-09-13 22:15:57,R_bpXcRav616Wtsbv,,,,,41.032806396484375,-81.4387969970703125,anonymous,EN,QUESBJ,,,,,Neutral,Agree,Neutral,,,,,Neutral,Agree,Neutral,Agree,,,,,Neutral,Agree,Neutral,Neutral,Agree,Stongly Agree,Agree,Neutral,Agree,Stongly Agree,,,,,Female,30,Bachelor's degree,"Art, writing, or journalism (e.g., author, reporter, sculptor)",,South America,,,,,77287
2020-09-13 22:23:41,2020-09-13 22:28:06,IP Address,157.50.126.128,100,264,True,2020-09-13 22:28:06,R_12FN73S7C22EpIZ,,,,,13.087799072265625,80.27850341796875,anonymous,EN,NIR78S,,,,,Agree,Agree,Agree,,,,,Agree,Agree,Stongly Agree,Agree,,,,,Agree,Agree,Agree,Stongly Agree,Agree,Agree,Agree,Agree,Agree,Agree,,,,,Male,29,Bachelor's degree,"Engineer in other fields (e.g., civil engineer, bio-engineer)",,Asia,,,,,74385
2020-09-13 22:23:43,2020-09-13 22:30:24,IP Address,198.228.140.69,100,401,True,2020-09-13 22:30:25,R_xrorts4QTzC7V8l,,,,,34.17120361328125,-118.5186004638671875,anonymous,EN,G8XFXM,,,,,Neutral,Disagree,Neutral,,,,,Neutral,Disagree,Neutral,Neutral,,,,,Neutral,Disagree,Neutral,Disagree,Neutral,Disagree,Neutral,Disagree,Neutral,Disagree,,,,,Male,25,High School,"Business, management, or financial (e.g., manager, accountant, banker)",,North America,,,,,77672
2020-09-13 22:26:13,2020-09-13 22:33:24,IP Address,72.178.27.205,100,430,True,2020-09-13 22:33:24,R_2ZPoZOLsNyot7MF,,,,,31.770294189453125,-106.30059814453125,anonymous,EN,KZHOZA,,,,,Agree,Agree,Neutral,,,,,Neutral,Agree,Agree,Neutral,,,,,Neutral,Neutral,Agree,Neutral,Neutral,Neutral,Stongly Agree,Agree,Neutral,Agree,,,,,Female,30,Bachelor's degree,"Computer engineer or IT professional (e.g., systems administrator, programmer, IT consultant)",,Asia,,,,,36089
2020-09-13 22:25:27,2020-09-13 22:42:41,IP Address,24.92.132.28,100,1033,True,2020-09-13 22:42:41,R_1CjXYB4eanLpwbo,,,,,40.0457000732421875,-83.0720977783203125,anonymous,EN,F82KCO,,,,,Agree,Neutral,Agree,,,,,Agree,Neutral,Agree,Agree,,,,,Agree,Neutral,Agree,Agree,Neutral,Agree,Neutral,Agree,Neutral,Agree,,,,,Female,30,Bachelor's degree,"Education (e.g., teacher)",,North America,,,,,79186
2020-09-13 22:39:55,2020-09-13 22:44:34,IP Address,171.49.161.16,100,279,True,2020-09-13 22:44:34,R_Ox47XwTpd9BoWul,,,,,13.087799072265625,80.27850341796875,anonymous,EN,NSJQ7F,,,,,Stongly Agree,Agree,Agree,,,,,Stongly Agree,Agree,Neutral,Agree,,,,,Stongly Agree,Agree,Neutral,Agree,Stongly Agree,Stongly Agree,Stongly Agree,Neutral,Agree,Agree,,,,,Male,28,Bachelor's degree,"Business, management, or financial (e.g., manager, accountant, banker)",,Asia,,,,,88483
2020-09-13 22:32:40,2020-09-13 22:47:34,IP Address,157.46.127.63,100,894,True,2020-09-13 22:47:35,R_2TmUYaoMYu9ofJX,,,,,13.087799072265625,80.27850341796875,anonymous,EN,FXC55H,,,,,Agree,Agree,Agree,,,,,Neutral,Agree,Neutral,Neutral,,,,,Agree,Neutral,Agree,Neutral,Agree,Neutral,Agree,Neutral,Agree,Agree,,,,,Male,33,Bachelor's degree,"Computer engineer or IT professional (e.g., systems administrator, programmer, IT consultant)",,Asia,,,,,81705
2020-09-13 22:46:58,2020-09-13 22:50:19,IP Address,98.109.5.165,100,200,True,2020-09-13 22:50:19,R_3oYErguDSKBgMmv,,,,,40.49920654296875,-74.499603271484375,anonymous,EN,3DIGCO,,,,,Neutral,Agree,Neutral,,,,,Neutral,Neutral,Agree,Neutral,,,,,Agree,Neutral,Neutral,Agree,Neutral,Neutral,Neutral,Agree,Neutral,Neutral,,,,,Male,40,Bachelor's degree,"Engineer in other fields (e.g., civil engineer, bio-engineer)",,North America,,,,,28074
